Job Title,Company,Location
Pre-Primary Teacher,Pre-Primary Teacher,"Jorpati, Narayantar, Kathmandu"
Primary Level Teachers,Primary Level Teachers,"Jorpati, Narayantar, Kathmandu"
Primary level Teacher,Primary level Teacher,"Sipadol-08, Bhaktapur"
Secondary School Teacher,Secondary School Teacher,"Sipadol-8, Bhaktapur"
HR & Finance Administrator,HR & Finance Administrator,Lalitpur
Admin and Finance Officer,Admin and Finance Officer,Patarasi Rural Municipality
MIS Officer,MIS Officer,"Mid-Baneshwor, Kathmandu"
Communication Officer,Communication Officer,"Mid Baneshwor, Kathmandu"
Marketing Manager / Head,Marketing Manager / Head,"Madhyapur Thimi, Bhaktapur"
Digital Marketing Manager,Digital Marketing Manager,"Madhyapur Thimi, Bhaktapur"
Support Manager,Support Manager,"Madhyapur Thimi, Bhaktapur"
Operational Manager,Operational Manager,"Kamaladi, Kathmandu"
On-Trade Manager ( Night Shift),On-Trade Manager ( Night Shift),"Kamaladi, Kathmandu"
Video Editor,Video Editor,Battisputali
Assistant Teacher Grade I - II,Assistant Teacher Grade I - II,"Opposite to Balaju Bhatbhateni, Binayak Basti, Kathmandu"
Secondary Level Science Teacher,Secondary Level Science Teacher,"Opposite to Balaju Bhatbhateni, Binayak Basti, Kathmandu"
Teachers for Grade I-III,Teachers for Grade I-III,"Opposite to Balaju Bhatbhateni, Binayak Basti, Kathmandu"
Secondary Level Optional Mathematics Teacher,Secondary Level Optional Mathematics Teacher,"Opposite to Balaju Bhatbhateni, Binayak Basti, Kathmandu"
Lower Secondary Science Teachers (IV - VII),Lower Secondary Science Teachers (IV - VII),"Opposite to Balaju Bhatbhateni, Binayak Basti, Kathmandu"
Vice Principal,Vice Principal,"Dhangadhi, Nepal"
Software Engineer (SDE-2) - Product Engineering,Software Engineer (SDE-2) - Product Engineering,Hybrid
AI Product Manager - Product & Platform Engineering,AI Product Manager - Product & Platform Engineering,Kathmandu
Staff Product Designer - Product & Platform Engineering,Staff Product Designer - Product & Platform Engineering,Hybrid
Senior Software Engineer (SDE-3) - Platform & Product Strategy,Senior Software Engineer (SDE-3) - Platform & Product Strategy,Hybrid
Senior Quality Engineer (SQE-3) - Enterprise Strategy & Quality Intelligence,Senior Quality Engineer (SQE-3) - Enterprise Strategy & Quality Intelligence,Hybrid
Technical Assistant / Full Stack Developer (Assistant),Technical Assistant / Full Stack Developer (Assistant),Remote
Real Estate Agent,Real Estate Agent,"Lagankhel, Near Patan Hospital"
Admin Assistant,Admin Assistant,"Thamel, Kathmandu"
Counselor,Counselor,"Baluwatar, Kathmandu"
Pre-School Teacher,Pre-School Teacher,"Gatthaghar, Dhumbarahi, Tahachal, Baneshwor, Maharajgunj"
Logistic Coordinator - Asst Manager,Logistic Coordinator - Asst Manager,"Pulchowk, Lalitpur"
Head Sales & Marketing,Head Sales & Marketing,Kathmandu
HR Officer,HR Officer,Tinkune
Executive - Administration,Executive - Administration,"Pulchowk, Lalitpur"
Computer Teacher - Primary Level,Computer Teacher - Primary Level,"Chuchhepati, Chabahil"
Nepali Teacher - Primary Level,Nepali Teacher - Primary Level,"Chuchhepati, Chabahil"
Assistant Manager – Finance / Admin,Assistant Manager – Finance / Admin,"Jawalakhel, Bhanimandal, Lalitpur"
Associate Business Research Analyst,Associate Business Research Analyst,"Panipokhari-3, Kathmandu"
AutoCAD Operator,AutoCAD Operator,Baluwatar
Unit Head- HR Business Partner,Unit Head- HR Business Partner,Kathmandu
Specialist- HR Business Partner,Specialist- HR Business Partner,Kathmandu
Sales and Marketing Officer,Sales and Marketing Officer,Birgunj
Teacher,Teacher,"Jawalakhel, Lalitpur"
Admin Coordinator,Admin Coordinator,"Dillibazar, Kathmandu"
English Teacher – Primary School,English Teacher – Primary School,"Bansbari Road, Kathmandu"
Front Desk Officer,Front Desk Officer,Itahari
Community Relations Associate,Community Relations Associate,Remote
Marketing Officer,Marketing Officer,Itahari
Marketing and Training Associate,Marketing and Training Associate,Bagmati Province/ Koshi Province/ Madhesh Province
Associate System Engineer,Associate System Engineer,Kathmandu
Senior Chemical Engineer – Refinery Operations,Senior Chemical Engineer – Refinery Operations,Hetauda
Career and Employability Officer,Career and Employability Officer,"Tinkune,Gairigaun, Kathmandu"
Admission Officer,Admission Officer,Itahari
Instructional Supervisor – Science,Instructional Supervisor – Science,"Hetauda, Makwanpur District"
Digital Marketing and Branding Coordinator,Digital Marketing and Branding Coordinator,"Baluwatar, Kathmandu"
Study Abroad Counselor – Australia,Study Abroad Counselor – Australia,Hetauda
Pre School Teacher,Pre School Teacher,"Bakhundol, Lalitpur"
Growth Marketing Manager,Growth Marketing Manager,"Chamati, Kathmandu"
Primary English Teacher,Primary English Teacher,"Radheradhe, Bhaktapur"
IT Support,IT Support,Itahari
Sales Executive / Business Development Executive,Sales Executive / Business Development Executive,"Siddharthanagar, Bhairahawa"
Chief Executive Officer (CEO),Chief Executive Officer (CEO),"Shree Shanti Marga, Koteshwor-32 Kathmandu"
Vice Principal,Vice Principal,"Campuschowk, Janakpur"
Digital Marketing,Digital Marketing,Kathmandu
Electronic and Electrical Engineer,Electronic and Electrical Engineer,"Thirbam Sadak, Kathmandu"
Business Development Manager,Business Development Manager,"Thirbam Sadak, Kathmandu"
Design Engineer - Steel Structure,Design Engineer - Steel Structure,"Bhagwati Bahal, Naxal"
Executive Assistant,Executive Assistant,Kathmandu
Lower Secondary Level Maths Teacher,Lower Secondary Level Maths Teacher,"Dallu Aawas, Kathmandu"
Accounts Assistant,Accounts Assistant,Kathmandu
Head of Food and Beverage,Head of Food and Beverage,Kathmandu
Deputy Project Manager,Deputy Project Manager,Kathmandu
Architect,Architect,"Maharajgunj Sadak, Kathmandu"
Sales Representative,Sales Representative,"Baluwatar, Kathmandu"
Mobile Service Operations Coordinator,Mobile Service Operations Coordinator,"Jhamsikhel, Lalitpur"
School Nurse,School Nurse,"Dallu Aawas, Kathmandu"
Primary Level Teacher,Primary Level Teacher,"Dallu Aawas, Kathmandu"
Assistant Finance Manager,Assistant Finance Manager,Minbhawan Baneshwor
Accountant,Accountant,"Teku, Kathmandu"
शिक्षक - (पूर्णकालीन),शिक्षक - (पूर्णकालीन),"Mahottari, Bardibas"
Education Counselor,Education Counselor,"New Baneshwor, Kathmandu"
Teacher,Teacher,"Sitapaila -5, Nagarjun Municipality"
Operations Officer,Operations Officer,"Sanepa, Lalitpur"
Senior UX Designer,Senior UX Designer,"Naxal, Kathmandu"
Senior Tour Executive,Senior Tour Executive,"Kamaladi, Kathmandu"
Junior System Administrator,Junior System Administrator,"Matatirtha, Chandragiri"
Administrative Assistant,Administrative Assistant,Kathmandu
Medical Sales Officer (MSO),Medical Sales Officer (MSO),"Tinkune, Kathmandu"
Account Officer,Account Officer,"Bakhundole, Lalitpur"
Senior Accountant,Senior Accountant,Kathmandu
Procurement Officer,Procurement Officer,Baluwatar
Account and Finance Controller,Account and Finance Controller,Kathmandu
Digital Marketing Tech Support,Digital Marketing Tech Support,Kathmandu
Preschool Teacher,Preschool Teacher,"Chakrapath, Maharajgunj"
Service Engineer,Service Engineer,Biratnagar
Lead Roof Technician / Asst. Sub-Engineer,Lead Roof Technician / Asst. Sub-Engineer,Lalitpur with regular field travel
Maths Teacher,Maths Teacher,"Hattigauda, Ganesh Chowk"
English Teacher,English Teacher,"Hattigauda, Ganesh Chowk."
Operations Officer,Operations Officer,Itahari
Account Support Officer,Account Support Officer,Itahari
Client Relation Assistant,Client Relation Assistant,"Shantinagar, Kathmandu"
Secondary Mathematics Teacher,Secondary Mathematics Teacher,"Khokana, Lalitpur"
Lower Secondary Science Teacher,Lower Secondary Science Teacher,"Khokana, Lalitpur"
Primary Teacher,Primary Teacher,"Khokana, Lalitpur"
BI Developer,BI Developer,"Chakupat, Lalitpur"
Sales Executive (IT Products & Solutions),Sales Executive (IT Products & Solutions),Kathmandu
Client Relation Executive,Client Relation Executive,New Baneshwor
Grade Teacher - PG - UKG,Grade Teacher - PG - UKG,"Bishalnagar, Hattigauda and Samakhushi"
Primary Level – Mathematics Teacher,Primary Level – Mathematics Teacher,"Bansbari Road, Kathmandu"
PYP Samajik Sikshya Teacher,PYP Samajik Sikshya Teacher,"Hattigauda, Kathmandu"
Sales Associate,Sales Associate,kathmandu
Singing Bowl Healing Expert,Singing Bowl Healing Expert,Boudha
Accountant,Accountant,Boudha
Primary Teacher – Grades V and VI,Primary Teacher – Grades V and VI,"Sanobharyang, Nagarjun-2, Kathmandu."
Principal,Principal,"Samakhushi, Kathmandu"
Senior Accountant,Senior Accountant,"Sidhicharan Sadak, Banasthali, Kathmandu"
Chief Financial Officer (CFO),Chief Financial Officer (CFO),Bhairahawa
Sales Executive (For UK),Sales Executive (For UK),Kathmandu
ECA / CCA In-charge,ECA / CCA In-charge,"Mid-Baneshwor, Kathmandu"
HR & Admin Officer,HR & Admin Officer,Baluwatar
Recruitment Team Lead,Recruitment Team Lead,"Minbhawan-31, Kathmandu"
Client Relation Executive,Client Relation Executive,"Minbhawan-31, Kathmandu"
Head of Finance,Head of Finance,Gyaneshwor
Computer Teacher,Computer Teacher,"Sankhamul Dhovan Pool, New Baneshwor, Kathmandu"
Front Desk Officer,Front Desk Officer,"Mandikatar, Kathmandu"
MYP English Teacher,MYP English Teacher,"Hattigauda, Kathmandu"
Business Development Officer,Business Development Officer,"Lalupate Marg, Kathmandu"
On-Trade Manager,On-Trade Manager,Kathmandu
Interior Designer,Interior Designer,"Manbhawan, Lalitpur"
Accountant,Accountant,"Manbhawan, Lalitpur"
Procurement Officer,Procurement Officer,"Tripureshwor, Kathmandu"
Planning Engineer,Planning Engineer,Dolakha
CCA Teacher,CCA Teacher,"Hattigauda, Kathmandu"
Intern - Marketing and Administration,Intern - Marketing and Administration,"Bagbazar, Kathmandu"
Modern Trade Officer,Modern Trade Officer,Kathmandu
Account Executive,Account Executive,"Sumargi B. Complex, Madan Bhandari Marg, Kathmandu"
Sales Operations Executive,Sales Operations Executive,"Baluwatar, Kathmandu"
Trainee,Trainee,"Achham, Bajura, Banke, Dadeldhura, Kapilvastu and Pyuthan"
Junior Accountant,Junior Accountant,"Baluwatar, Kathmandu"
Sales and Marketing Officer,Sales and Marketing Officer,Pokhara Branch
Secondary Level Maths Teacher,Secondary Level Maths Teacher,"Budhanilkantha-03, Kathmandu"
Hydropower Engineer,Hydropower Engineer,Kathmandu
Business Manager,Business Manager,Kathmandu
Grade In-charge,Grade In-charge,"Bansbari, Kathmandu"
Business Research Officer,Business Research Officer,"Mid Baneshwor, Kathmandu"
Brand and Creative Specialist,Brand and Creative Specialist,"Chakupat, Lalitpur"
Science Teacher - Senior School,Science Teacher - Senior School,"Sanepa-2, Lalitpur"
Finance Assistant,Finance Assistant,"Panipokhari Height Lazimpat, Kathmandu"
Sales Representative,Sales Representative,"Koteshwor, Balkumari Gate, Kathmandu"
Marketing Officer,Marketing Officer,"New Baneshwor, Kathmandu"
Customer Sales Representative,Customer Sales Representative,"Bijulibazar Marg, Kathmandu"
Recruitment Operation Manager,Recruitment Operation Manager,Sinamangal
Customer Relationship Officer,Customer Relationship Officer,"Danchhi, Bagdhara Chowk, Kathmandu"
Accountant,Accountant,"Gongabu awasiya chetra , near NIC BANK"
IT and Social Media Assistant,IT and Social Media Assistant,"Gongabu awasiya chetra , near NIC BANK"
Account Officer,Account Officer,"Guheswori, Kathmandu"
Front Desk Assistant / Receptionist,Front Desk Assistant / Receptionist,"Mid Baneshwor, Kathmandu"
Officer-Buying and Merchandising,Officer-Buying and Merchandising,Baluwatar
Academic Coordinator,Academic Coordinator,"Sitapaila, Swoyambhu"
Grade Teacher,Grade Teacher,"Sitapaila, Swoyambhu"
Primary Teacher,Primary Teacher,"Sitapaila, Swoyambhu"
Sales Officer,Sales Officer,Kathmandu
Sales and Marketing Officer,Sales and Marketing Officer,"Tinkune, Kathmandu, Nepal"
SEO Specialist,SEO Specialist,"163 Dakshinamurti Marg,Pashupati-08, Kathmandu, Nepal"
Dispatch and Store Assistant,Dispatch and Store Assistant,"Lalupate Marg, Hattisar, Kathmandu"
Sales Officer,Sales Officer,Birtamode
Sales Officer,Sales Officer,Birgunj
Sales Officer,Sales Officer,Dumre
Sales Officer,Sales Officer,Gulmi
Logistic Manager,Logistic Manager,"Matatirtha Factory, Chandragiri Nagarpalika"
Storyboard Specialist,Storyboard Specialist,Remote
Architect,Architect,"Nardevi, Kathmandu"
Senior Accountant,Senior Accountant,"Kalimati-13, Kathmandu"
Senior AI/ML Software Engineer,Senior AI/ML Software Engineer,"Kusunti Heights, Lalitpur"
Ticketing Executive,Ticketing Executive,"Gyaneshwor-30, Kathmandu"
Loan Processing Associate,Loan Processing Associate,"Thapathali, Kathmandu"
Flutter Developer,Flutter Developer,Remote
High School Coordinator,High School Coordinator,"Kandaghari, Pepsicola"
Accountant,Accountant,Kupandol
Business Development Officer,Business Development Officer,"Buddhanagar, Kathmandu"
Sales Executive,Sales Executive,"UnPark, Lalitpur"
Secondary Level Science Teacher,Secondary Level Science Teacher,"Bhaluwahi, Dudhauli-2, Sindhuli"
Secondary Level Mathematics Teacher,Secondary Level Mathematics Teacher,"Bhaluwahi, Dudhauli-2, Sindhuli"
Middle School English Teacher,Middle School English Teacher,"Bhaluwahi, Dudhauli-2, Sindhuli"
Digital Marketing Specialist,Digital Marketing Specialist,"Syuchatar Bridge, Kalanki, Kathmandu"
HR / Marketing Executive,HR / Marketing Executive,"Syuchatar Bridge, Kalanki, Kathmandu"
Secondary / Lower Secondary Level Teachers,Secondary / Lower Secondary Level Teachers,"Syuchatar Bridge, Kalanki, Kathmandu"
Academic / Secondary Level In-Charge,Academic / Secondary Level In-Charge,"Syuchatar Bridge, Kalanki, Kathmandu"
Administrative Officer / Executive Assistant,Administrative Officer / Executive Assistant,"Syuchatar Bridge, Kalanki, Kathmandu"
Civil Engineer,Civil Engineer,"Gopi Krishna Nagar,Chabahil-7,kathmandu"
Admin Officer,Admin Officer,"Trade Tower, Thapathali, Kathmandu"
Finance Junior Officer,Finance Junior Officer,Kathmandu
E-commerce Associate,E-commerce Associate,"Head Office, Mid-Baneshwor, Kathmandu"
Pre-School Teacher,Pre-School Teacher,"Tinkune, Kathmandu"
Legal Associate,Legal Associate,"2rd Floor, Radhakuti Arcade, Putalisadak, Kathmandu"
Sr. Executive Credit Control,Sr. Executive Credit Control,"Tripureshwor, Kathmandu"
Mathematics Teacher - Secondary Level,Mathematics Teacher - Secondary Level,"Mitrapark, Chabahil, Kathmandu"
Pre-School Teacher - UKG,Pre-School Teacher - UKG,"Mid baneshwor, Kathmandu"
Sales Assistant,Sales Assistant,"Jana Marg, Kathmandu"
Junior Marketing Executive,Junior Marketing Executive,"Thapathali, Kathmandu"
IT Manager,IT Manager,"Ravibhawan (Near Machha Gate), Kathmandu"
Chat Analyst,Chat Analyst,"New Baneshwor, Kathmandu"
Sr. Student Counselor - Study Abroad,Sr. Student Counselor - Study Abroad,"Uttardhoka, Kathmandu"
Social Media Manager,Social Media Manager,"Kamalpokhari Street, Kathmandu"
Customer Support and Marketing Executive,Customer Support and Marketing Executive,"Gyaneshwor, Kathmandu"
Content Creator,Content Creator,"Budhanilkantha, Kathmandu"
Digital Marketing and SEO Executive,Digital Marketing and SEO Executive,Work from Home
Computer Teacher,Computer Teacher,"Samakhusi Chowk, Tokha – 10, Kathmandu"
News Content Writer,News Content Writer,Jwalakhel
Graphic Designer,Graphic Designer,"Sorakhutte, Kathmandu"
Computer Science Teacher (Primary Level),Computer Science Teacher (Primary Level),"Sangam Chowk, New Baneshwor, Kathmandu"
Primary Level Grade Teacher,Primary Level Grade Teacher,"Sangam Chowk, New Baneshwor, Kathmandu"
Primary English Teacher,Primary English Teacher,"Pandubazar Height, Suryabinayak - 6, Bhaktapur"
Dealer Sales Officer – Sales and Marketing,Dealer Sales Officer – Sales and Marketing,"Thapathali, Kathmandu"
Teacher,Teacher,"Dhapasi, Kathmandu"
ECA Incharge,ECA Incharge,"Dhapasi, Kathmandu"
Account Officer,Account Officer,Kathmandu
Jr. Officer/Officer – Account and Admin,Jr. Officer/Officer – Account and Admin,"Tripureshwor, Kathmandu"
Civil Engineer / Project Incharge,Civil Engineer / Project Incharge,"Balaju, Kathmandu"
Project Officer,Project Officer,Kathmandu
News Anchor,News Anchor,Kathmandu
Office Manager,Office Manager,Kathmandu
Corporate Office Admin,Corporate Office Admin,"Dhumbarai, Kathmandu"
Accountant,Accountant,"Surkhet Road, Nepalgunj-2"
Graphic Designer,Graphic Designer,Maitidevi
Project Engineer,Project Engineer,"Kathmandu, Pokhara and Chitwan"
Content Creator,Content Creator,"Naya Baneshwor, Kathmandu"
IT Officer,IT Officer,"Lazimpat, Kathmandu"
Accounts and Admin Officer,Accounts and Admin Officer,"Kuleshwor, Kathmandu"
English Language Mentor,English Language Mentor,"Koteshwor (North east to Balkumari Bridge), Kathmandu"
Personal Assistant,Personal Assistant,"Thapathali, Kathmandu"
Restaurant Manager,Restaurant Manager,"Jhamsikhel, Lalitpur"
Finance and Accounts Manager,Finance and Accounts Manager,Kathmandu
Senior Sales and Marketing Officer,Senior Sales and Marketing Officer,Maitidevi
High School Mathematics Teacher,High School Mathematics Teacher,"Naxal, Kathmandu"
Science Teacher - Grade 8,Science Teacher - Grade 8,"Naxal, Kathmandu"
Factory Manager,Factory Manager,"Tokha, Kathmandu"
Staff Nurse / OA,Staff Nurse / OA,"Madhyapur Thimi 1, Lokanthali, Bhaktapur"
ANM / CMA,ANM / CMA,"Madhyapur Thimi 1, Lokanthali, Bhaktapur"
Visa and Client Relations Officer,Visa and Client Relations Officer,"Bagbazar, Kathmandu"
Interior Designer,Interior Designer,"Sankhamul, Kathmandu"
Cafe Supervisor,Cafe Supervisor,"Nag Pokhari, Kathmandu"
Sales and Marketing Representative,Sales and Marketing Representative,"Tinkune-32, Kathmandu"
Sales and Client Acquisition Executive,Sales and Client Acquisition Executive,"Lotse Mall, New Bus Park, Kathmandu, Nepal"
Audit and Advisory Department Head,Audit and Advisory Department Head,"Naryanchaur, Naxal, Kathmandu"
Computer Teacher - Secondary Teacher (Grade 9 and 10),Computer Teacher - Secondary Teacher (Grade 9 and 10),"Hattiban, Lalitpur"
Pre-Primary / Primary Teacher,Pre-Primary / Primary Teacher,"Ravibhawan (Near Machha Gate), Kathmandu"
Accounts and Admin Executive,Accounts and Admin Executive,"Uttardhoka, Kathmandu"
EFX / VFX Artist,EFX / VFX Artist,Sanepa. Lalitpur
Accountant,Accountant,"Maharajung, Chakrapath"
General Manager,General Manager,"Balaju, Kathmandu"
Graphic Designer,Graphic Designer,Maharajung Chakrapath
Front Desk Officer,Front Desk Officer,"Maharajgunj, Chakrapath"
Network Security / Systems Engineer,Network Security / Systems Engineer,Remote work (Work from Home)
Billing Assistant,Billing Assistant,"Thulo Kharibot, New Baneswor, Kathmandu"
Front Desk Officer,Front Desk Officer,"Thulo Kharibot, New Baneswor, Kathmandu"
Admissions and Sales Consultant,Admissions and Sales Consultant,"Lokanthali, Bhaktapur"
Front Desk Assistant,Front Desk Assistant,"Uttardhoka, Kathmandu"
Preschool Teacher,Preschool Teacher,Baneshwor. Kathmandu
Mathematics Teacher,Mathematics Teacher,"Saraswatinagar-6, Kathmandu"
Science Teacher,Science Teacher,"Saraswatinagar-6, Kathmandu"
English Teacher,English Teacher,"Saraswatinagar-6, Kathmandu"
Residential / Hostel Teacher,Residential / Hostel Teacher,"Saraswatinagar-6, Kathmandu"
Front Desk Officer,Front Desk Officer,"Gongabu, Kathmandu"
Admission Coordinator,Admission Coordinator,"Old Baneswor, Kathmandu"
Admin Supervisor,Admin Supervisor,"Old Baneswor, Kathmandu"
Planning Engineer / Contract Manager,Planning Engineer / Contract Manager,Melamchi
Quantity Surveyor and QA/QC Engineer,Quantity Surveyor and QA/QC Engineer,Melamchi
Safety Officer,Safety Officer,Melamchi
Pre-Primary Teacher,Pre-Primary Teacher,"Gothatar 8, Kathmandu"
Secretary to Board,Secretary to Board,Kathmandu
शिक्षक - (करार),शिक्षक - (करार),"Mahottari, Bardibas"
Admin Officer,Admin Officer,"Anamnagar - 29, Kathmandu"
Sales and Marketing Manager,Sales and Marketing Manager,Kathmandu
Accountant,Accountant,"Tripureshwor, Kathmandu"
Senior Accounts and Finance Officer,Senior Accounts and Finance Officer,Kathmandu
Project Officer,Project Officer,Rolpa
Sales Development Representative (SDR),Sales Development Representative (SDR),"Ghattekulo Chowk, Kathmandu"
Primary Teacher - Math / Science,Primary Teacher - Math / Science,"Mid baneshwor, Kathmandu"
Primary Teacher (Home Room),Primary Teacher (Home Room),"Mid baneshwor, Kathmandu"
Graphics Designer,Graphics Designer,"Chandol, Kathmandu"
Customs Clearance Officer,Customs Clearance Officer,Lalitpur
Finance Supervisor,Finance Supervisor,Lalitpur
Data Entry Support,Data Entry Support,Jawalakhel
Accountant - Australian Outsourcing,Accountant - Australian Outsourcing,Tinkune
Java Developer (Spring Boot),Java Developer (Spring Boot),Remote
Electrical Engineer,Electrical Engineer,"Middle Tamor Hydropower Project Site, Taplejung"
Health Promotion Officer,Health Promotion Officer,"Phungling, Taplejung"
Operations In-Charge,Operations In-Charge,"Gongabu, Kathmandu"
शिक्षक,शिक्षक,"मलेखु बजार, धादिङ"
National Campaign Director,National Campaign Director,N/A
Medical Representative (MR),Medical Representative (MR),Kathmandu
Content Creator,Content Creator,"Naxal, Kathmandu"
Sales and Marketing Executive,Sales and Marketing Executive,"Lazimpat, Kathmandu"
Assistant Professor / Lecturer,Assistant Professor / Lecturer,"Kalanki, Bhuwaneshwari Marg, Ward 14"
Accountant,Accountant,"Newroad, Kathmandu"
Marketing Executive,Marketing Executive,"Tahagalli, Kathmandu"
Receptionist,Receptionist,"Tahagalli, Kathmandu"
Receptionist,Receptionist,"Balaju-16, Kathmandu"
Accountant,Accountant,"Balaju-16, Kathmandu"
Senior Accountant,Senior Accountant,"Mandikatar, Kathmandu"
Counselor – India and Philippines,Counselor – India and Philippines,"Putalisadak, Kathmandu"
Study Abroad Counselor,Study Abroad Counselor,"Putalisadak, Kathmandu"
Administration Officer,Administration Officer,"Basundhara, Kathmandu"
Counselor,Counselor,"Putalisadak - 29, Kathmandu"
Content Writer,Content Writer,"Om Kareshwor Marga, Baneshwor"
Primary Teacher,Primary Teacher,"Hattiban, Lalitpur"
Sales and Marketing Executive,Sales and Marketing Executive,"Dhumbarahi, Kathmandu"
Secondary Level Science Teacher,Secondary Level Science Teacher,"Shantinagar, Kathmandu"
Data Protection Policy Resource Person,Data Protection Policy Resource Person,Kathmandu
Office Assistant / Executive,Office Assistant / Executive,"Nagpokhari-02 ,East Gate of Royal Palace Kathmandu"
Farm Office Admin,Farm Office Admin,"Rasanalu, Ramechhap"
Farm Manager,Farm Manager,"Rasanalu, Ramechhap"
Farm Supervisor,Farm Supervisor,"Rasanalu, Ramechhap"
Receptionist,Receptionist,"Ghantaghar, Birgunj"
Steam Coordinator,Steam Coordinator,"Samakhusi Chowk, Tokha – 10, Kathmandu"
Music Teacher,Music Teacher,"Samakhusi Chowk, Tokha – 10, Kathmandu"
Social Studies Teacher (Middle School),Social Studies Teacher (Middle School),"Samakhusi Chowk, Tokha – 10, Kathmandu"
Science Teacher (Middle School),Science Teacher (Middle School),"Samakhusi Chowk, Tokha – 10, Kathmandu"
Project Manager,Project Manager,Pokhara and Biratnagar
Payments Associate – Rider Operations,Payments Associate – Rider Operations,"Kamaladi, Kathmandu"
Business Development Manager,Business Development Manager,Lalitpur
Admin and Account Intern,Admin and Account Intern,"Baluwatar, Kathmandu"
Senior Career Advisor,Senior Career Advisor,Putalisadak
Project Manager,Project Manager,Kathmandu
HR and Administration Officer,HR and Administration Officer,Kathmandu
Call Support Assistant,Call Support Assistant,Kathmandu
Electrical / Mechanical Engineer,Electrical / Mechanical Engineer,"Head Office, Kathmandu and Project Sites"
Civil Engineer,Civil Engineer,"Head Office, Kathmandu and Project Sites"
Business Development Officer,Business Development Officer,"Head Office, Kathmandu"
Nepali Teacher,Nepali Teacher,"Sanepa-2, Lalitpur"
BIM Modeller / Draftsperson,BIM Modeller / Draftsperson,"Buddhanagar, Kathmandu"
Architect,Architect,"Lazimpat-02, Kathmandu"
IT Head / Officer,IT Head / Officer,"Dillibazar, Kathmandu"
Executive Assistant,Executive Assistant,"Bhanimandal, Lalitpur"
Cost / Billing Engineer,Cost / Billing Engineer,"Ruby Valley, Dhading, Nepal"
Program Coordinator,Program Coordinator,"Baneshwor Near Civil Hospital, Kathmandu"
Client Support Representative - Night Shift,Client Support Representative - Night Shift,"Bansbari Road, Kathmandu"
Accountant,Accountant,"Ganeshwor, Kathmandu"
Operations Manager,Operations Manager,"Ganeshwor, Kathmandu"
Human Resources (HR) Officer,Human Resources (HR) Officer,"Baneshwor Near Civil Hospital, Kathmandu"
Business Development Executive,Business Development Executive,"Prayag Marg, Shantinagar"
Technical Writer - Mechanical,Technical Writer - Mechanical,"Buddhanagar, Kathmandu"
Software Developer,Software Developer,"Thapathali, Kathmandu"
Student Support and Administration Officer,Student Support and Administration Officer,Remote
Brand and Creative Lead,Brand and Creative Lead,"New Baneshwor, Kathmandu"
Dispatch Officer,Dispatch Officer,"Bhainsepati, Lalitpur"
Customer Care Officer,Customer Care Officer,"Kamaladi, Kathmandu"
Quality Assurance - Intern,Quality Assurance - Intern,"Pulchowk, Lalitpur"
Sales and Marketing Representative,Sales and Marketing Representative,New Road
Primary Level In-Charge,Primary Level In-Charge,"Lahan, Siraha"
Basic Level Teacher,Basic Level Teacher,"Kupondole, Lalitpur"
Secondary Level Teacher,Secondary Level Teacher,"Kupondole, Lalitpur"
Primary Level Teacher,Primary Level Teacher,"Kupondole, Lalitpur"
Grade Teacher,Grade Teacher,"Kupondole, Lalitpur"
ECA (Extra-Curricular Activities) Teacher,ECA (Extra-Curricular Activities) Teacher,Kunpondole
Public Health Officer,Public Health Officer,"Chandol, Kathmandu"
Business Assistant,Business Assistant,"Chandol, Kathmandu"
Front Desk / Receptionist,Front Desk / Receptionist,"Satdobato, Lalitpur"
Senior Counselor – Australia and New Zealand,Senior Counselor – Australia and New Zealand,"New Baneshwor, Kathmandu"
Plant Operator - Hydro Power,Plant Operator - Hydro Power,"Mailung, Rasuwa"
Admin and Finance Officer,Admin and Finance Officer,"Mid-Baneshwor, Kathmandu"
Operations In-Charge,Operations In-Charge,"Kageshwori, Manohara -9, Kathmandu"
Sales Manager - Modern Trade,Sales Manager - Modern Trade,"Bagdol, Lalitpur"
Business Development Specialist / Learning and Development Coordinator,Business Development Specialist / Learning and Development Coordinator,Remote
Front Desk Officer,Front Desk Officer,"New Baneshwor, Kathmandu"
Test Preparation Coach,Test Preparation Coach,"Putalisadak, Kathmandu"
Teacher / Lecturer - IT,Teacher / Lecturer - IT,"Birgunj15, Parsa"
Admin Assistant,Admin Assistant,Kathmandu
Receptionist,Receptionist,Kathmandu
Telemarketing Officer,Telemarketing Officer,"Putalisadak - 28, Kathmandu"
Primary English Teacher,Primary English Teacher,"Satungal, Chandragiri -10, Kathmandu, Nepal"
IT Assistant,IT Assistant,"Tripureshwor, Kathmandu"
Guest Experience and Property Coordinator,Guest Experience and Property Coordinator,"Karwaan, Lalu Pate Marg, Hattisar"
Video Editor,Video Editor,"Bagbazar, Kathmandu"
Customer Service Executive,Customer Service Executive,Remote
Backend Developer,Backend Developer,Remote
Junior Frontend Developer (UI & Interfaces),Junior Frontend Developer (UI & Interfaces),Remote
Product Listing and Management,Product Listing and Management,Remote
Accountant,Accountant,Pokhara
Manager,Manager,Pokhara
Senior Advisor,Senior Advisor,Dhulikhel
Mechanical Foreman/Mechanical Sub-Overseer,Mechanical Foreman/Mechanical Sub-Overseer,Myagdi
Electrical Foreman/Electrical Sub-Overseer,Electrical Foreman/Electrical Sub-Overseer,Myagdi
Mechanical Overseer/Mechanical Supervisor,Mechanical Overseer/Mechanical Supervisor,Myagdi
Electrical Overseer/Electrical Supervisor,Electrical Overseer/Electrical Supervisor,Myagdi
Mechanical Engineer,Mechanical Engineer,Myagdi
Senior Mechanical Engineer,Senior Mechanical Engineer,Myagdi
Office Assistant,Office Assistant,"Birtamode, jhapa"
ANM / CMA (EHW),ANM / CMA (EHW),"Birtamode, jhapa"
Ophthalmic Assistant,Ophthalmic Assistant,"Birtamode, jhapa"
